Well,Well Position,Sample Name,Target Name,Reporter,Quencher,CT,Ct Mean,Automatic Ct Threshold,Ct Threshold
1,A1,000001-2022,Assay1,FAM,NFQ-MGB,28.986,28.782,TRUE,0.04
1,A1,000001-2022,rApoB,VIC,NFQ-MGB,25.207,25.075,FALSE,0.032
2,A2,000001-2022,Assay1,FAM,NFQ-MGB,28.797,28.782,TRUE,0.04
2,A2,000001-2022,rApoB,VIC,NFQ-MGB,25.098,25.075,FALSE,0.032
3,A3,000001-2023,Assay1,FAM,NFQ-MGB,29.955,29.796,TRUE,0.04
3,A3,000001-2023,rApoB,VIC,NFQ-MGB,26.396,26.288,FALSE,0.032
4,A4,000001-2023,Assay1,FAM,NFQ-MGB,29.601,29.796,TRUE,0.04
4,A4,000001-2023,rApoB,VIC,NFQ-MGB,26.16,26.288,FALSE,0.032
5,A5,000001-2024,Assay1,FAM,NFQ-MGB,30.08,30.054,TRUE,0.04
5,A5,000001-2024,rApoB,VIC,NFQ-MGB,26.455,26.364,FALSE,0.032
6,A6,000001-2024,Assay1,FAM,NFQ-MGB,30.312,30.054,TRUE,0.04
6,A6,000001-2024,rApoB,VIC,NFQ-MGB,26.514,26.364,FALSE,0.032
7,A7,000001-2025,Assay1,FAM,NFQ-MGB,Undetermined,,TRUE,0.04
7,A7,000001-2025,rApoB,VIC,NFQ-MGB,24.979,24.863,FALSE,0.032
8,A8,000001-2025,Assay1,FAM,NFQ-MGB,Undetermined,,TRUE,0.04
8,A8,000001-2025,rApoB,VIC,NFQ-MGB,24.777,24.863,FALSE,0.032
9,A9,PTC-1-857,Assay1,FAM,NFQ-MGB,24.637,27.638,TRUE,0.04
9,A9,PTC-1-857,rApoB,VIC,NFQ-MGB,24.054,25.505,FALSE,0.032
10,A10,PTC-1-857,Assay1,FAM,NFQ-MGB,24.701,27.638,TRUE,0.04
10,A10,PTC-1-857,rApoB,VIC,NFQ-MGB,24.12,25.505,FALSE,0.032
11,A11,PTC-1-860,Assay1,FAM,NFQ-MGB,30.609,27.638,TRUE,0.04
11,A11,PTC-1-860,rApoB,VIC,NFQ-MGB,26.835,25.505,FALSE,0.032
12,A12,PTC-1-860,Assay1,FAM,NFQ-MGB,30.552,27.638,TRUE,0.04
12,A12,PTC-1-860,rApoB,VIC,NFQ-MGB,26.848,25.505,FALSE,0.032
19,A19,000002-2081,Assay1,FAM,NFQ-MGB,27.169,27.142,TRUE,0.04
19,A19,000002-2081,rApoB,VIC,NFQ-MGB,24.584,24.55,FALSE,0.032
20,A20,000002-2081,Assay1,FAM,NFQ-MGB,27.1,27.142,TRUE,0.04
20,A20,000002-2081,rApoB,VIC,NFQ-MGB,24.544,24.55,FALSE,0.032
21,A21,000002-2082,Assay1,FAM,NFQ-MGB,Undetermined,,TRUE,0.04
21,A21,000002-2082,rApoB,VIC,NFQ-MGB,26.387,26.413,FALSE,0.032
22,A22,000002-2082,Assay1,FAM,NFQ-MGB,Undetermined,,TRUE,0.04
22,A22,000002-2082,rApoB,VIC,NFQ-MGB,26.413,26.413,FALSE,0.032
23,A23,000002-2083,Assay1,FAM,NFQ-MGB,27.968,27.963,TRUE,0.04
23,A23,000002-2083,rApoB,VIC,NFQ-MGB,24.594,24.453,FALSE,0.032
24,A24,000002-2083,Assay1,FAM,NFQ-MGB,28.094,27.963,TRUE,0.04
24,A24,000002-2083,rApoB,VIC,NFQ-MGB,24.535,24.453,FALSE,0.032
25,B1,000001-2022,Assay1,FAM,NFQ-MGB,28.717,28.782,TRUE,0.04
25,B1,000001-2023,rApoB,VIC,NFQ-MGB,25.065,25.075,FALSE,0.032
26,B2,000001-2024,Assay1,FAM,NFQ-MGB,28.626,28.782,TRUE,0.04
26,B2,000001-2025,rApoB,VIC,NFQ-MGB,24.929,25.075,FALSE,0.032
27,B3,000001-2023,Assay1,FAM,NFQ-MGB,29.89,29.796,TRUE,0.04
27,B3,000001-2024,rApoB,VIC,NFQ-MGB,26.427,26.288,FALSE,0.032
28,B4,000001-2025,Assay1,FAM,NFQ-MGB,29.738,29.796,TRUE,0.04
28,B4,000001-2026,rApoB,VIC,NFQ-MGB,26.167,26.288,FALSE,0.032
29,B5,000001-2024,Assay1,FAM,NFQ-MGB,29.982,30.054,TRUE,0.04
29,B5,000001-2025,rApoB,VIC,NFQ-MGB,26.272,26.364,FALSE,0.032
30,B6,000001-2026,Assay1,FAM,NFQ-MGB,29.841,30.054,TRUE,0.04
30,B6,000001-2027,rApoB,VIC,NFQ-MGB,26.215,26.364,FALSE,0.032
31,B7,000001-2025,Assay1,FAM,NFQ-MGB,Undetermined,,TRUE,0.04
31,B7,000001-2026,rApoB,VIC,NFQ-MGB,24.904,24.863,FALSE,0.032
32,B8,000001-2027,Assay1,FAM,NFQ-MGB,Undetermined,,TRUE,0.04
32,B8,000001-2028,rApoB,VIC,NFQ-MGB,24.792,24.863,FALSE,0.032
33,B9,PTC-1-857,Assay1,FAM,NFQ-MGB,24.523,27.638,TRUE,0.04
33,B9,PTC-1-857,rApoB,VIC,NFQ-MGB,24.114,25.505,FALSE,0.032
34,B10,PTC-1-857,Assay1,FAM,NFQ-MGB,24.869,27.638,TRUE,0.04
34,B10,PTC-1-857,rApoB,VIC,NFQ-MGB,24.23,25.505,FALSE,0.032
35,B11,PTC-1-860,Assay1,FAM,NFQ-MGB,30.714,27.638,TRUE,0.04
35,B11,PTC-1-860,rApoB,VIC,NFQ-MGB,26.917,25.505,FALSE,0.032
36,B12,PTC-1-860,Assay1,FAM,NFQ-MGB,30.502,27.638,TRUE,0.04
36,B12,PTC-1-860,rApoB,VIC,NFQ-MGB,26.922,25.505,FALSE,0.032
43,B19,000002-2081,Assay1,FAM,NFQ-MGB,27.087,27.142,TRUE,0.04
43,B19,000002-2081,rApoB,VIC,NFQ-MGB,24.442,24.55,FALSE,0.032
44,B20,000002-2081,Assay1,FAM,NFQ-MGB,27.212,27.142,TRUE,0.04
44,B20,000002-2081,rApoB,VIC,NFQ-MGB,24.63,24.55,FALSE,0.032
45,B21,000002-2082,Assay1,FAM,NFQ-MGB,Undetermined,,TRUE,0.04
45,B21,000002-2082,rApoB,VIC,NFQ-MGB,26.324,26.413,FALSE,0.032
46,B22,000002-2082,Assay1,FAM,NFQ-MGB,Undetermined,,TRUE,0.04
46,B22,000002-2082,rApoB,VIC,NFQ-MGB,26.529,26.413,FALSE,0.032
47,B23,000002-2083,Assay1,FAM,NFQ-MGB,27.966,27.963,TRUE,0.04
47,B23,000002-2083,rApoB,VIC,NFQ-MGB,24.309,24.453,FALSE,0.032
48,B24,000002-2083,Assay1,FAM,NFQ-MGB,27.825,27.963,TRUE,0.04
48,B24,000002-2083,rApoB,VIC,NFQ-MGB,24.373,24.453,FALSE,0.032
49,C1,000002-2084,Assay1,FAM,NFQ-MGB,Undetermined,,TRUE,0.04
49,C1,000002-2084,rApoB,VIC,NFQ-MGB,25.165,25.228,FALSE,0.032
50,C2,000002-2084,Assay1,FAM,NFQ-MGB,Undetermined,,TRUE,0.04
50,C2,000002-2084,rApoB,VIC,NFQ-MGB,25.217,25.228,FALSE,0.032
51,C3,000002-2085,Assay1,FAM,NFQ-MGB,Undetermined,,TRUE,0.04
51,C3,000002-2085,rApoB,VIC,NFQ-MGB,26.149,26.151,FALSE,0.032
52,C4,000002-2085,Assay1,FAM,NFQ-MGB,Undetermined,,TRUE,0.04
52,C4,000002-2085,rApoB,VIC,NFQ-MGB,26.212,26.151,FALSE,0.032
53,C5,000002-2086,Assay1,FAM,NFQ-MGB,27.159,27.125,TRUE,0.04
53,C5,000002-2086,rApoB,VIC,NFQ-MGB,24.475,24.437,FALSE,0.032
54,C6,000002-2086,Assay1,FAM,NFQ-MGB,27.095,27.125,TRUE,0.04
54,C6,000002-2086,rApoB,VIC,NFQ-MGB,24.449,24.437,FALSE,0.032
55,C7,000002-2087,Assay1,FAM,NFQ-MGB,27.684,27.64,TRUE,0.04
55,C7,000002-2087,rApoB,VIC,NFQ-MGB,25.032,24.838,FALSE,0.032
56,C8,000002-2087,Assay1,FAM,NFQ-MGB,27.263,27.64,TRUE,0.04
56,C8,000002-2087,rApoB,VIC,NFQ-MGB,24.692,24.838,FALSE,0.032
59,C11,000001-2026,Assay1,FAM,NFQ-MGB,Undetermined,,TRUE,0.04
59,C11,000001-2026,rApoB,VIC,NFQ-MGB,25.494,24.99,FALSE,0.032
60,C12,000001-2026,Assay1,FAM,NFQ-MGB,Undetermined,,TRUE,0.04
60,C12,000001-2026,rApoB,VIC,NFQ-MGB,24.73,24.99,FALSE,0.032
61,C13,000001-2027,Assay1,FAM,NFQ-MGB,25.412,24.78,TRUE,0.04
61,C13,000001-2027,rApoB,VIC,NFQ-MGB,24.637,23.889,FALSE,0.032
62,C14,000001-2027,Assay1,FAM,NFQ-MGB,24.269,24.78,TRUE,0.04
62,C14,000001-2027,rApoB,VIC,NFQ-MGB,23.369,23.889,FALSE,0.032
63,C15,000001-2028,Assay1,FAM,NFQ-MGB,24.247,24.06,TRUE,0.04
63,C15,000001-2028,rApoB,VIC,NFQ-MGB,24.226,23.953,FALSE,0.032
64,C16,000001-2028,Assay1,FAM,NFQ-MGB,23.803,24.06,TRUE,0.04
64,C16,000001-2028,rApoB,VIC,NFQ-MGB,23.724,23.953,FALSE,0.032
65,C17,000001-2029,Assay1,FAM,NFQ-MGB,23.641,23.272,TRUE,0.04
65,C17,000001-2029,rApoB,VIC,NFQ-MGB,23.66,23.21,FALSE,0.032
66,C18,000001-2029,Assay1,FAM,NFQ-MGB,22.943,23.272,TRUE,0.04
66,C18,000001-2029,rApoB,VIC,NFQ-MGB,22.868,23.21,FALSE,0.032
67,C19,000001-2030,Assay1,FAM,NFQ-MGB,Undetermined,,TRUE,0.04
67,C19,000001-2030,rApoB,VIC,NFQ-MGB,24.235,24.011,FALSE,0.032
68,C20,000001-2030,Assay1,FAM,NFQ-MGB,Undetermined,,TRUE,0.04
68,C20,000001-2030,rApoB,VIC,NFQ-MGB,23.863,24.011,FALSE,0.032
69,C21,000001-2031,Assay1,FAM,NFQ-MGB,Undetermined,,TRUE,0.04
69,C21,000001-2031,rApoB,VIC,NFQ-MGB,24.887,24.802,FALSE,0.032
70,C22,000001-2031,Assay1,FAM,NFQ-MGB,Undetermined,,TRUE,0.04
70,C22,000001-2031,rApoB,VIC,NFQ-MGB,24.645,24.802,FALSE,0.032
71,C23,000001-2032,Assay1,FAM,NFQ-MGB,24.666,24.567,TRUE,0.04
71,C23,000001-2032,rApoB,VIC,NFQ-MGB,23.807,23.757,FALSE,0.032
72,C24,000001-2032,Assay1,FAM,NFQ-MGB,24.451,24.567,TRUE,0.04
72,C24,000001-2032,rApoB,VIC,NFQ-MGB,23.72,23.757,FALSE,0.032
73,D1,000002-2084,Assay1,FAM,NFQ-MGB,Undetermined,,TRUE,0.04
73,D1,000002-2084,rApoB,VIC,NFQ-MGB,25.33,25.228,FALSE,0.032
74,D2,000002-2084,Assay1,FAM,NFQ-MGB,Undetermined,,TRUE,0.04
74,D2,000002-2084,rApoB,VIC,NFQ-MGB,25.198,25.228,FALSE,0.032
75,D3,000002-2085,Assay1,FAM,NFQ-MGB,Undetermined,,TRUE,0.04
75,D3,000002-2085,rApoB,VIC,NFQ-MGB,26.03,26.151,FALSE,0.032
76,D4,000002-2085,Assay1,FAM,NFQ-MGB,Undetermined,,TRUE,0.04
76,D4,000002-2085,rApoB,VIC,NFQ-MGB,26.213,26.151,FALSE,0.032
77,D5,000002-2086,Assay1,FAM,NFQ-MGB,27.048,27.125,TRUE,0.04
77,D5,000002-2086,rApoB,VIC,NFQ-MGB,24.464,24.437,FALSE,0.032
78,D6,000002-2086,Assay1,FAM,NFQ-MGB,27.197,27.125,TRUE,0.04
78,D6,000002-2086,rApoB,VIC,NFQ-MGB,24.359,24.437,FALSE,0.032
79,D7,000002-2087,Assay1,FAM,NFQ-MGB,28.121,27.64,TRUE,0.04
79,D7,000002-2087,rApoB,VIC,NFQ-MGB,24.806,24.838,FALSE,0.032
80,D8,000002-2087,Assay1,FAM,NFQ-MGB,27.493,27.64,TRUE,0.04
80,D8,000002-2087,rApoB,VIC,NFQ-MGB,24.82,24.838,FALSE,0.032
83,D11,000001-2026,Assay1,FAM,NFQ-MGB,Undetermined,,TRUE,0.04
83,D11,000001-2026,rApoB,VIC,NFQ-MGB,24.956,24.99,FALSE,0.032
84,D12,000001-2026,Assay1,FAM,NFQ-MGB,Undetermined,,TRUE,0.04
84,D12,000001-2026,rApoB,VIC,NFQ-MGB,24.781,24.99,FALSE,0.032
85,D13,000001-2027,Assay1,FAM,NFQ-MGB,24.955,24.78,TRUE,0.04
85,D13,000001-2027,rApoB,VIC,NFQ-MGB,23.971,23.889,FALSE,0.032
86,D14,000001-2027,Assay1,FAM,NFQ-MGB,24.484,24.78,TRUE,0.04
86,D14,000001-2027,rApoB,VIC,NFQ-MGB,23.579,23.889,FALSE,0.032
87,D15,000001-2028,Assay1,FAM,NFQ-MGB,24.308,24.06,TRUE,0.04
87,D15,000001-2028,rApoB,VIC,NFQ-MGB,24.125,23.953,FALSE,0.032
88,D16,000001-2028,Assay1,FAM,NFQ-MGB,23.882,24.06,TRUE,0.04
88,D16,000001-2028,rApoB,VIC,NFQ-MGB,23.74,23.953,FALSE,0.032
89,D17,000001-2029,Assay1,FAM,NFQ-MGB,23.427,23.272,TRUE,0.04
89,D17,000001-2029,rApoB,VIC,NFQ-MGB,23.339,23.21,FALSE,0.032
90,D18,000001-2029,Assay1,FAM,NFQ-MGB,23.078,23.272,TRUE,0.04
90,D18,000001-2029,rApoB,VIC,NFQ-MGB,22.974,23.21,FALSE,0.032
91,D19,000001-2030,Assay1,FAM,NFQ-MGB,Undetermined,,TRUE,0.04
91,D19,000001-2030,rApoB,VIC,NFQ-MGB,24.081,24.011,FALSE,0.032
92,D20,000001-2030,Assay1,FAM,NFQ-MGB,Undetermined,,TRUE,0.04
92,D20,000001-2030,rApoB,VIC,NFQ-MGB,23.863,24.011,FALSE,0.032
93,D21,000001-2031,Assay1,FAM,NFQ-MGB,Undetermined,,TRUE,0.04
93,D21,000001-2031,rApoB,VIC,NFQ-MGB,24.863,24.802,FALSE,0.032
94,D22,000001-2031,Assay1,FAM,NFQ-MGB,Undetermined,,TRUE,0.04
94,D22,000001-2031,rApoB,VIC,NFQ-MGB,24.814,24.802,FALSE,0.032
95,D23,000001-2032,Assay1,FAM,NFQ-MGB,24.585,24.567,TRUE,0.04
95,D23,000001-2032,rApoB,VIC,NFQ-MGB,23.831,23.757,FALSE,0.032
96,D24,000001-2032,Assay1,FAM,NFQ-MGB,24.566,24.567,TRUE,0.04
96,D24,000001-2032,rApoB,VIC,NFQ-MGB,23.671,23.757,FALSE,0.032
97,E1,000002-2050,Assay1,FAM,NFQ-MGB,26.676,26.768,TRUE,0.04
97,E1,000002-2050,rApoB,VIC,NFQ-MGB,25.81,25.917,FALSE,0.032
98,E2,000002-2050,Assay1,FAM,NFQ-MGB,26.861,26.768,TRUE,0.04
98,E2,000002-2050,rApoB,VIC,NFQ-MGB,25.992,25.917,FALSE,0.032
99,E3,000002-2051,Assay1,FAM,NFQ-MGB,Undetermined,,TRUE,0.04
99,E3,000002-2051,rApoB,VIC,NFQ-MGB,26.111,25.769,FALSE,0.032
100,E4,000002-2051,Assay1,FAM,NFQ-MGB,Undetermined,,TRUE,0.04
100,E4,000002-2051,rApoB,VIC,NFQ-MGB,25.7,25.769,FALSE,0.032
101,E5,000002-2052,Assay1,FAM,NFQ-MGB,25.862,25.749,TRUE,0.04
101,E5,000002-2052,rApoB,VIC,NFQ-MGB,25.426,25.204,FALSE,0.032
102,E6,000002-2052,Assay1,FAM,NFQ-MGB,25.617,25.749,TRUE,0.04
102,E6,000002-2052,rApoB,VIC,NFQ-MGB,25.039,25.204,FALSE,0.032
103,E7,000002-2053,Assay1,FAM,NFQ-MGB,Undetermined,,TRUE,0.04
103,E7,000002-2053,rApoB,VIC,NFQ-MGB,25.106,25.006,FALSE,0.032
104,E8,000002-2053,Assay1,FAM,NFQ-MGB,Undetermined,,TRUE,0.04
104,E8,000002-2053,rApoB,VIC,NFQ-MGB,24.832,25.006,FALSE,0.032
105,E9,000002-2054,Assay1,FAM,NFQ-MGB,26.725,26.533,TRUE,0.04
105,E9,000002-2054,rApoB,VIC,NFQ-MGB,25.767,25.701,FALSE,0.032
106,E10,000002-2054,Assay1,FAM,NFQ-MGB,26.433,26.533,TRUE,0.04
106,E10,000002-2054,rApoB,VIC,NFQ-MGB,25.527,25.701,FALSE,0.032
107,E11,000002-2055,Assay1,FAM,NFQ-MGB,26.436,26.441,TRUE,0.04
107,E11,000002-2055,rApoB,VIC,NFQ-MGB,25.342,25.604,FALSE,0.032
108,E12,000002-2055,Assay1,FAM,NFQ-MGB,26.458,26.441,TRUE,0.04
108,E12,000002-2055,rApoB,VIC,NFQ-MGB,25.654,25.604,FALSE,0.032
109,E13,000002-2056,Assay1,FAM,NFQ-MGB,26.563,26.331,TRUE,0.04
109,E13,000002-2056,rApoB,VIC,NFQ-MGB,25.713,25.413,FALSE,0.032
110,E14,000002-2056,Assay1,FAM,NFQ-MGB,26.189,26.331,TRUE,0.04
110,E14,000002-2056,rApoB,VIC,NFQ-MGB,25.241,25.413,FALSE,0.032
111,E15,000002-2057,Assay1,FAM,NFQ-MGB,26.594,26.337,TRUE,0.04
111,E15,000002-2057,rApoB,VIC,NFQ-MGB,25.556,25.38,FALSE,0.032
112,E16,000002-2057,Assay1,FAM,NFQ-MGB,26.15,26.337,TRUE,0.04
112,E16,000002-2057,rApoB,VIC,NFQ-MGB,25.245,25.38,FALSE,0.032
113,E17,000002-2058,Assay1,FAM,NFQ-MGB,Undetermined,,TRUE,0.04
113,E17,000002-2058,rApoB,VIC,NFQ-MGB,25.63,25.415,FALSE,0.032
114,E18,000002-2058,Assay1,FAM,NFQ-MGB,Undetermined,,TRUE,0.04
114,E18,000002-2058,rApoB,VIC,NFQ-MGB,25.208,25.415,FALSE,0.032
115,E19,000002-2059,Assay1,FAM,NFQ-MGB,25.444,25.297,TRUE,0.04
115,E19,000002-2059,rApoB,VIC,NFQ-MGB,24.649,24.528,FALSE,0.032
116,E20,000002-2059,Assay1,FAM,NFQ-MGB,25.287,25.297,TRUE,0.04
116,E20,000002-2059,rApoB,VIC,NFQ-MGB,24.522,24.528,FALSE,0.032
117,E21,000002-2060,Assay1,FAM,NFQ-MGB,Undetermined,,TRUE,0.04
117,E21,000002-2060,rApoB,VIC,NFQ-MGB,27.265,27.01,FALSE,0.032
118,E22,000002-2060,Assay1,FAM,NFQ-MGB,Undetermined,,TRUE,0.04
118,E22,000002-2060,rApoB,VIC,NFQ-MGB,26.787,27.01,FALSE,0.032
119,E23,PTC-2-1659,Assay1,FAM,NFQ-MGB,29.3,29.405,TRUE,0.04
119,E23,PTC-2-1659,rApoB,VIC,NFQ-MGB,27.86,27.904,FALSE,0.032
120,E24,PTC-2-1659,Assay1,FAM,NFQ-MGB,29.323,29.405,TRUE,0.04
120,E24,PTC-2-1659,rApoB,VIC,NFQ-MGB,27.816,27.904,FALSE,0.032
121,F1,000002-2050,Assay1,FAM,NFQ-MGB,26.834,26.768,TRUE,0.04
121,F1,000002-2050,rApoB,VIC,NFQ-MGB,25.893,25.917,FALSE,0.032
122,F2,000002-2050,Assay1,FAM,NFQ-MGB,26.702,26.768,TRUE,0.04
122,F2,000002-2050,rApoB,VIC,NFQ-MGB,25.975,25.917,FALSE,0.032
123,F3,000002-2051,Assay1,FAM,NFQ-MGB,Undetermined,,TRUE,0.04
123,F3,000002-2051,rApoB,VIC,NFQ-MGB,25.594,25.769,FALSE,0.032
124,F4,000002-2051,Assay1,FAM,NFQ-MGB,Undetermined,,TRUE,0.04
124,F4,000002-2051,rApoB,VIC,NFQ-MGB,25.672,25.769,FALSE,0.032
125,F5,000002-2052,Assay1,FAM,NFQ-MGB,25.718,25.749,TRUE,0.04
125,F5,000002-2052,rApoB,VIC,NFQ-MGB,25.107,25.204,FALSE,0.032
126,F6,000002-2052,Assay1,FAM,NFQ-MGB,25.799,25.749,TRUE,0.04
126,F6,000002-2052,rApoB,VIC,NFQ-MGB,25.242,25.204,FALSE,0.032
127,F7,000002-2053,Assay1,FAM,NFQ-MGB,Undetermined,,TRUE,0.04
127,F7,000002-2053,rApoB,VIC,NFQ-MGB,25.058,25.006,FALSE,0.032
128,F8,000002-2053,Assay1,FAM,NFQ-MGB,Undetermined,,TRUE,0.04
128,F8,000002-2053,rApoB,VIC,NFQ-MGB,25.027,25.006,FALSE,0.032
129,F9,000002-2054,Assay1,FAM,NFQ-MGB,26.541,26.533,TRUE,0.04
129,F9,000002-2054,rApoB,VIC,NFQ-MGB,25.844,25.701,FALSE,0.032
130,F10,000002-2054,Assay1,FAM,NFQ-MGB,26.434,26.533,TRUE,0.04
130,F10,000002-2054,rApoB,VIC,NFQ-MGB,25.666,25.701,FALSE,0.032
131,F11,000002-2055,Assay1,FAM,NFQ-MGB,26.586,26.441,TRUE,0.04
131,F11,000002-2055,rApoB,VIC,NFQ-MGB,25.788,25.604,FALSE,0.032
132,F12,000002-2055,Assay1,FAM,NFQ-MGB,26.284,26.441,TRUE,0.04
132,F12,000002-2055,rApoB,VIC,NFQ-MGB,25.63,25.604,FALSE,0.032
133,F13,000002-2056,Assay1,FAM,NFQ-MGB,26.349,26.331,TRUE,0.04
133,F13,000002-2056,rApoB,VIC,NFQ-MGB,25.443,25.413,FALSE,0.032
134,F14,000002-2056,Assay1,FAM,NFQ-MGB,26.223,26.331,TRUE,0.04
134,F14,000002-2056,rApoB,VIC,NFQ-MGB,25.253,25.413,FALSE,0.032
135,F15,000002-2057,Assay1,FAM,NFQ-MGB,26.28,26.337,TRUE,0.04
135,F15,000002-2057,rApoB,VIC,NFQ-MGB,25.35,25.38,FALSE,0.032
136,F16,000002-2057,Assay1,FAM,NFQ-MGB,26.324,26.337,TRUE,0.04
136,F16,000002-2057,rApoB,VIC,NFQ-MGB,25.368,25.38,FALSE,0.032
137,F17,000002-2058,Assay1,FAM,NFQ-MGB,Undetermined,,TRUE,0.04
137,F17,000002-2058,rApoB,VIC,NFQ-MGB,25.495,25.415,FALSE,0.032
138,F18,000002-2058,Assay1,FAM,NFQ-MGB,Undetermined,,TRUE,0.04
138,F18,000002-2058,rApoB,VIC,NFQ-MGB,25.325,25.415,FALSE,0.032
139,F19,000002-2059,Assay1,FAM,NFQ-MGB,25.344,25.297,TRUE,0.04
139,F19,000002-2059,rApoB,VIC,NFQ-MGB,24.606,24.528,FALSE,0.032
140,F20,000002-2059,Assay1,FAM,NFQ-MGB,25.112,25.297,TRUE,0.04
140,F20,000002-2059,rApoB,VIC,NFQ-MGB,24.336,24.528,FALSE,0.032
141,F21,000002-2060,Assay1,FAM,NFQ-MGB,Undetermined,,TRUE,0.04
141,F21,000002-2060,rApoB,VIC,NFQ-MGB,27.11,27.01,FALSE,0.032
142,F22,000002-2060,Assay1,FAM,NFQ-MGB,Undetermined,,TRUE,0.04
142,F22,000002-2060,rApoB,VIC,NFQ-MGB,26.88,27.01,FALSE,0.032
143,F23,PTC-2-1659,Assay1,FAM,NFQ-MGB,29.292,29.405,TRUE,0.04
143,F23,PTC-2-1659,rApoB,VIC,NFQ-MGB,27.848,27.904,FALSE,0.032
144,F24,PTC-2-1659,Assay1,FAM,NFQ-MGB,29.474,29.405,TRUE,0.04
144,F24,PTC-2-1659,rApoB,VIC,NFQ-MGB,27.857,27.904,FALSE,0.032
145,G1,000003-2104,Assay1,FAM,NFQ-MGB,25.446,25.144,TRUE,0.04
145,G1,000003-2104,rApoB,VIC,NFQ-MGB,24.55,24.326,FALSE,0.032
146,G2,000003-2104,Assay1,FAM,NFQ-MGB,24.916,25.144,TRUE,0.04
146,G2,000003-2104,rApoB,VIC,NFQ-MGB,24.051,24.326,FALSE,0.032
147,G3,000003-2105,Assay1,FAM,NFQ-MGB,25.598,25.088,TRUE,0.04
147,G3,000003-2105,rApoB,VIC,NFQ-MGB,24.797,24.341,FALSE,0.032
148,G4,000003-2105,Assay1,FAM,NFQ-MGB,24.721,25.088,TRUE,0.04
148,G4,000003-2105,rApoB,VIC,NFQ-MGB,23.954,24.341,FALSE,0.032
149,G5,000003-2106,Assay1,FAM,NFQ-MGB,25.124,24.621,TRUE,0.04
149,G5,000003-2106,rApoB,VIC,NFQ-MGB,24.204,23.854,FALSE,0.032
150,G6,000003-2106,Assay1,FAM,NFQ-MGB,24.217,24.621,TRUE,0.04
150,G6,000003-2106,rApoB,VIC,NFQ-MGB,23.438,23.854,FALSE,0.032
151,G7,000003-2107,Assay1,FAM,NFQ-MGB,26.29,25.919,TRUE,0.04
151,G7,000003-2107,rApoB,VIC,NFQ-MGB,25.347,25.002,FALSE,0.032
152,G8,000003-2107,Assay1,FAM,NFQ-MGB,25.769,25.919,TRUE,0.04
152,G8,000003-2107,rApoB,VIC,NFQ-MGB,24.852,25.002,FALSE,0.032
153,G9,000003-2108,Assay1,FAM,NFQ-MGB,26.348,26.191,TRUE,0.04
153,G9,000003-2108,rApoB,VIC,NFQ-MGB,25.454,25.238,FALSE,0.032
154,G10,000003-2108,Assay1,FAM,NFQ-MGB,26.071,26.191,TRUE,0.04
154,G10,000003-2108,rApoB,VIC,NFQ-MGB,25.019,25.238,FALSE,0.032
155,G11,000003-2109,Assay1,FAM,NFQ-MGB,Undetermined,,TRUE,0.04
155,G11,000003-2109,rApoB,VIC,NFQ-MGB,26.094,25.883,FALSE,0.032
156,G12,000003-2109,Assay1,FAM,NFQ-MGB,Undetermined,,TRUE,0.04
156,G12,000003-2109,rApoB,VIC,NFQ-MGB,25.935,25.883,FALSE,0.032
157,G13,000003-2110,Assay1,FAM,NFQ-MGB,26.981,26.545,TRUE,0.04
157,G13,000003-2110,rApoB,VIC,NFQ-MGB,25.885,25.438,FALSE,0.032
158,G14,000003-2110,Assay1,FAM,NFQ-MGB,26.195,26.545,TRUE,0.04
158,G14,000003-2110,rApoB,VIC,NFQ-MGB,25.013,25.438,FALSE,0.032
159,G15,000003-2111,Assay1,FAM,NFQ-MGB,Undetermined,,TRUE,0.04
159,G15,000003-2111,rApoB,VIC,NFQ-MGB,26.247,25.734,FALSE,0.032
160,G16,000003-2111,Assay1,FAM,NFQ-MGB,Undetermined,,TRUE,0.04
160,G16,000003-2111,rApoB,VIC,NFQ-MGB,25.362,25.734,FALSE,0.032
161,G17,000003-2112,Assay1,FAM,NFQ-MGB,25.65,25.336,TRUE,0.04
161,G17,000003-2112,rApoB,VIC,NFQ-MGB,25.53,25.142,FALSE,0.032
162,G18,000003-2112,Assay1,FAM,NFQ-MGB,24.965,25.336,TRUE,0.04
162,G18,000003-2112,rApoB,VIC,NFQ-MGB,24.942,25.142,FALSE,0.032
163,G19,PTC-3-788,Assay1,FAM,NFQ-MGB,25.813,25.731,TRUE,0.04
163,G19,PTC-3-788,rApoB,VIC,NFQ-MGB,24.944,24.785,FALSE,0.032
164,G20,PTC-3-788,Assay1,FAM,NFQ-MGB,25.815,25.731,TRUE,0.04
164,G20,PTC-3-788,rApoB,VIC,NFQ-MGB,24.966,24.785,FALSE,0.032
165,G21,PTC-3-790,Assay1,FAM,NFQ-MGB,25.364,25.731,TRUE,0.04
165,G21,PTC-3-790,rApoB,VIC,NFQ-MGB,24.574,24.785,FALSE,0.032
166,G22,PTC-3-790,Assay1,FAM,NFQ-MGB,25.538,25.731,TRUE,0.04
166,G22,PTC-3-790,rApoB,VIC,NFQ-MGB,24.644,24.785,FALSE,0.032
167,G23,PTC-2-1658,Assay1,FAM,NFQ-MGB,29.332,29.405,TRUE,0.04
167,G23,PTC-2-1658,rApoB,VIC,NFQ-MGB,27.975,27.904,FALSE,0.032
168,G24,PTC-2-1658,Assay1,FAM,NFQ-MGB,29.463,29.405,TRUE,0.04
168,G24,PTC-2-1658,rApoB,VIC,NFQ-MGB,27.871,27.904,FALSE,0.032
169,H1,000003-2104,Assay1,FAM,NFQ-MGB,25.21,25.144,TRUE,0.04
169,H1,000003-2104,rApoB,VIC,NFQ-MGB,24.399,24.326,FALSE,0.032
170,H2,000003-2104,Assay1,FAM,NFQ-MGB,25.002,25.144,TRUE,0.04
170,H2,000003-2104,rApoB,VIC,NFQ-MGB,24.303,24.326,FALSE,0.032
171,H3,000003-2105,Assay1,FAM,NFQ-MGB,25.236,25.088,TRUE,0.04
171,H3,000003-2105,rApoB,VIC,NFQ-MGB,24.387,24.341,FALSE,0.032
172,H4,000003-2105,Assay1,FAM,NFQ-MGB,24.798,25.088,TRUE,0.04
172,H4,000003-2105,rApoB,VIC,NFQ-MGB,24.226,24.341,FALSE,0.032
173,H5,000003-2106,Assay1,FAM,NFQ-MGB,24.718,24.621,TRUE,0.04
173,H5,000003-2106,rApoB,VIC,NFQ-MGB,24.026,23.854,FALSE,0.032
174,H6,000003-2106,Assay1,FAM,NFQ-MGB,24.424,24.621,TRUE,0.04
174,H6,000003-2106,rApoB,VIC,NFQ-MGB,23.749,23.854,FALSE,0.032
175,H7,000003-2107,Assay1,FAM,NFQ-MGB,25.922,25.919,TRUE,0.04
175,H7,000003-2107,rApoB,VIC,NFQ-MGB,24.991,25.002,FALSE,0.032
176,H8,000003-2107,Assay1,FAM,NFQ-MGB,25.694,25.919,TRUE,0.04
176,H8,000003-2107,rApoB,VIC,NFQ-MGB,24.819,25.002,FALSE,0.032
177,H9,000003-2108,Assay1,FAM,NFQ-MGB,26.201,26.191,TRUE,0.04
177,H9,000003-2108,rApoB,VIC,NFQ-MGB,25.348,25.238,FALSE,0.032
178,H10,000003-2108,Assay1,FAM,NFQ-MGB,26.143,26.191,TRUE,0.04
178,H10,000003-2108,rApoB,VIC,NFQ-MGB,25.131,25.238,FALSE,0.032
179,H11,000003-2109,Assay1,FAM,NFQ-MGB,Undetermined,,TRUE,0.04
179,H11,000003-2109,rApoB,VIC,NFQ-MGB,25.888,25.883,FALSE,0.032
180,H12,000003-2109,Assay1,FAM,NFQ-MGB,Undetermined,,TRUE,0.04
180,H12,000003-2109,rApoB,VIC,NFQ-MGB,25.613,25.883,FALSE,0.032
181,H13,000003-2110,Assay1,FAM,NFQ-MGB,26.626,26.545,TRUE,0.04
181,H13,000003-2110,rApoB,VIC,NFQ-MGB,25.6,25.438,FALSE,0.032
182,H14,000003-2110,Assay1,FAM,NFQ-MGB,26.378,26.545,TRUE,0.04
182,H14,000003-2110,rApoB,VIC,NFQ-MGB,25.255,25.438,FALSE,0.032
183,H15,000003-2111,Assay1,FAM,NFQ-MGB,Undetermined,,TRUE,0.04
183,H15,000003-2111,rApoB,VIC,NFQ-MGB,25.786,25.734,FALSE,0.032
184,H16,000003-2111,Assay1,FAM,NFQ-MGB,Undetermined,,TRUE,0.04
184,H16,000003-2111,rApoB,VIC,NFQ-MGB,25.541,25.734,FALSE,0.032
185,H17,000003-2112,Assay1,FAM,NFQ-MGB,25.653,25.336,TRUE,0.04
185,H17,000003-2112,rApoB,VIC,NFQ-MGB,25.185,25.142,FALSE,0.032
186,H18,000003-2112,Assay1,FAM,NFQ-MGB,25.075,25.336,TRUE,0.04
186,H18,000003-2112,rApoB,VIC,NFQ-MGB,24.913,25.142,FALSE,0.032
187,H19,PTC-3-788,Assay1,FAM,NFQ-MGB,26.002,25.731,TRUE,0.04
187,H19,PTC-3-788,rApoB,VIC,NFQ-MGB,24.959,24.785,FALSE,0.032
188,H20,PTC-3-788,Assay1,FAM,NFQ-MGB,26.005,25.731,TRUE,0.04
188,H20,PTC-3-788,rApoB,VIC,NFQ-MGB,24.976,24.785,FALSE,0.032
189,H21,PTC-3-790,Assay1,FAM,NFQ-MGB,25.68,25.731,TRUE,0.04
189,H21,PTC-3-790,rApoB,VIC,NFQ-MGB,24.58,24.785,FALSE,0.032
190,H22,PTC-3-790,Assay1,FAM,NFQ-MGB,25.634,25.731,TRUE,0.04
190,H22,PTC-3-790,rApoB,VIC,NFQ-MGB,24.633,24.785,FALSE,0.032
191,H23,PTC-2-1658,Assay1,FAM,NFQ-MGB,29.464,29.405,TRUE,0.04
191,H23,PTC-2-1658,rApoB,VIC,NFQ-MGB,28.019,27.904,FALSE,0.032
192,H24,PTC-2-1658,Assay1,FAM,NFQ-MGB,29.588,29.405,TRUE,0.04
192,H24,PTC-2-1658,rApoB,VIC,NFQ-MGB,27.989,27.904,FALSE,0.032
241,K1,000004-1263,Assay2,FAM,NFQ-MGB,Undetermined,37.578,TRUE,0.161
241,K1,000004-1263,mApoB,VIC,NFQ-MGB,27.173,26.831,FALSE,0.055
242,K2,000004-1263,Assay2,FAM,NFQ-MGB,37.548,37.578,TRUE,0.161
242,K2,000004-1263,mApoB,VIC,NFQ-MGB,26.603,26.831,FALSE,0.055
243,K3,000004-1264,Assay2,FAM,NFQ-MGB,27.854,27.323,TRUE,0.161
243,K3,000004-1264,mApoB,VIC,NFQ-MGB,27.638,27.163,FALSE,0.055
244,K4,000004-1264,Assay2,FAM,NFQ-MGB,27.041,27.323,TRUE,0.161
244,K4,000004-1264,mApoB,VIC,NFQ-MGB,26.846,27.163,FALSE,0.055
245,K5,000004-1265,Assay2,FAM,NFQ-MGB,28.49,28.176,TRUE,0.161
245,K5,000004-1265,mApoB,VIC,NFQ-MGB,27.31,27.051,FALSE,0.055
246,K6,000004-1265,Assay2,FAM,NFQ-MGB,27.889,28.176,TRUE,0.161
246,K6,000004-1265,mApoB,VIC,NFQ-MGB,26.883,27.051,FALSE,0.055
247,K7,000004-1266,Assay2,FAM,NFQ-MGB,Undetermined,,TRUE,0.161
247,K7,000004-1266,mApoB,VIC,NFQ-MGB,27.193,26.897,FALSE,0.055
248,K8,000004-1266,Assay2,FAM,NFQ-MGB,Undetermined,,TRUE,0.161
248,K8,000004-1266,mApoB,VIC,NFQ-MGB,26.855,26.897,FALSE,0.055
249,K9,000004-1267,Assay2,FAM,NFQ-MGB,Undetermined,,TRUE,0.161
249,K9,000004-1267,mApoB,VIC,NFQ-MGB,27.603,27.242,FALSE,0.055
250,K10,000004-1267,Assay2,FAM,NFQ-MGB,Undetermined,,TRUE,0.161
250,K10,000004-1267,mApoB,VIC,NFQ-MGB,27.094,27.242,FALSE,0.055
251,K11,000004-1268,Assay2,FAM,NFQ-MGB,27.87,27.497,TRUE,0.161
251,K11,000004-1268,mApoB,VIC,NFQ-MGB,26.828,26.449,FALSE,0.055
252,K12,000004-1268,Assay2,FAM,NFQ-MGB,27.317,27.497,TRUE,0.161
252,K12,000004-1268,mApoB,VIC,NFQ-MGB,26.281,26.449,FALSE,0.055
253,K13,000004-1269,Assay2,FAM,NFQ-MGB,27.16,26.928,TRUE,0.161
253,K13,000004-1269,mApoB,VIC,NFQ-MGB,27.026,26.855,FALSE,0.055
254,K14,000004-1269,Assay2,FAM,NFQ-MGB,26.769,26.928,TRUE,0.161
254,K14,000004-1269,mApoB,VIC,NFQ-MGB,26.729,26.855,FALSE,0.055
255,K15,000004-1270,Assay2,FAM,NFQ-MGB,27.986,27.687,TRUE,0.161
255,K15,000004-1270,mApoB,VIC,NFQ-MGB,26.959,26.728,FALSE,0.055
256,K16,000004-1270,Assay2,FAM,NFQ-MGB,27.482,27.687,TRUE,0.161
256,K16,000004-1270,mApoB,VIC,NFQ-MGB,26.567,26.728,FALSE,0.055
257,K17,000004-1271,Assay2,FAM,NFQ-MGB,37.934,37.934,TRUE,0.161
257,K17,000004-1271,mApoB,VIC,NFQ-MGB,28.488,27.766,FALSE,0.055
258,K18,000004-1271,Assay2,FAM,NFQ-MGB,Undetermined,37.934,TRUE,0.161
258,K18,000004-1271,mApoB,VIC,NFQ-MGB,27.434,27.766,FALSE,0.055
259,K19,000004-1272,Assay2,FAM,NFQ-MGB,27.99,27.544,TRUE,0.161
259,K19,000004-1272,mApoB,VIC,NFQ-MGB,27,26.519,FALSE,0.055
260,K20,000004-1272,Assay2,FAM,NFQ-MGB,27.299,27.544,TRUE,0.161
260,K20,000004-1272,mApoB,VIC,NFQ-MGB,26.181,26.519,FALSE,0.055
261,K21,PTC-4-1212,Assay2,FAM,NFQ-MGB,28.762,29.377,TRUE,0.161
261,K21,PTC-4-1212,mApoB,VIC,NFQ-MGB,27.872,28.538,FALSE,0.055
262,K22,PTC-4-1212,Assay2,FAM,NFQ-MGB,28.811,29.377,TRUE,0.161
262,K22,PTC-4-1212,mApoB,VIC,NFQ-MGB,27.905,28.538,FALSE,0.055
263,K23,PTC-4-1214,Assay2,FAM,NFQ-MGB,30.054,29.377,TRUE,0.161
263,K23,PTC-4-1214,mApoB,VIC,NFQ-MGB,29.105,28.538,FALSE,0.055
264,K24,PTC-4-1214,Assay2,FAM,NFQ-MGB,29.994,29.377,TRUE,0.161
264,K24,PTC-4-1214,mApoB,VIC,NFQ-MGB,29.129,28.538,FALSE,0.055
265,L1,000004-1263,Assay2,FAM,NFQ-MGB,36.953,37.578,TRUE,0.161
265,L1,000004-1263,mApoB,VIC,NFQ-MGB,26.989,26.831,FALSE,0.055
266,L2,000004-1263,Assay2,FAM,NFQ-MGB,38.232,37.578,TRUE,0.161
266,L2,000004-1263,mApoB,VIC,NFQ-MGB,26.559,26.831,FALSE,0.055
267,L3,000004-1264,Assay2,FAM,NFQ-MGB,27.459,27.323,TRUE,0.161
267,L3,000004-1264,mApoB,VIC,NFQ-MGB,27.283,27.163,FALSE,0.055
268,L4,000004-1264,Assay2,FAM,NFQ-MGB,26.939,27.323,TRUE,0.161
268,L4,000004-1264,mApoB,VIC,NFQ-MGB,26.884,27.163,FALSE,0.055
269,L5,000004-1265,Assay2,FAM,NFQ-MGB,28.198,28.176,TRUE,0.161
269,L5,000004-1265,mApoB,VIC,NFQ-MGB,27.041,27.051,FALSE,0.055
270,L6,000004-1265,Assay2,FAM,NFQ-MGB,28.128,28.176,TRUE,0.161
270,L6,000004-1265,mApoB,VIC,NFQ-MGB,26.97,27.051,FALSE,0.055
271,L7,000004-1266,Assay2,FAM,NFQ-MGB,Undetermined,,TRUE,0.161
271,L7,000004-1266,mApoB,VIC,NFQ-MGB,26.907,26.897,FALSE,0.055
272,L8,000004-1266,Assay2,FAM,NFQ-MGB,Undetermined,,TRUE,0.161
272,L8,000004-1266,mApoB,VIC,NFQ-MGB,26.635,26.897,FALSE,0.055
273,L9,000004-1267,Assay2,FAM,NFQ-MGB,Undetermined,,TRUE,0.161
273,L9,000004-1267,mApoB,VIC,NFQ-MGB,27.292,27.242,FALSE,0.055
274,L10,000004-1267,Assay2,FAM,NFQ-MGB,Undetermined,,TRUE,0.161
274,L10,000004-1267,mApoB,VIC,NFQ-MGB,26.979,27.242,FALSE,0.055
275,L11,000004-1268,Assay2,FAM,NFQ-MGB,27.472,27.497,TRUE,0.161
275,L11,000004-1268,mApoB,VIC,NFQ-MGB,26.458,26.449,FALSE,0.055
276,L12,000004-1268,Assay2,FAM,NFQ-MGB,27.331,27.497,TRUE,0.161
276,L12,000004-1268,mApoB,VIC,NFQ-MGB,26.228,26.449,FALSE,0.055
277,L13,000004-1269,Assay2,FAM,NFQ-MGB,26.978,26.928,TRUE,0.161
277,L13,000004-1269,mApoB,VIC,NFQ-MGB,26.915,26.855,FALSE,0.055
278,L14,000004-1269,Assay2,FAM,NFQ-MGB,26.803,26.928,TRUE,0.161
278,L14,000004-1269,mApoB,VIC,NFQ-MGB,26.752,26.855,FALSE,0.055
279,L15,000004-1270,Assay2,FAM,NFQ-MGB,27.728,27.687,TRUE,0.161
279,L15,000004-1270,mApoB,VIC,NFQ-MGB,26.778,26.728,FALSE,0.055
280,L16,000004-1270,Assay2,FAM,NFQ-MGB,27.552,27.687,TRUE,0.161
280,L16,000004-1270,mApoB,VIC,NFQ-MGB,26.607,26.728,FALSE,0.055
281,L17,000004-1271,Assay2,FAM,NFQ-MGB,Undetermined,37.934,TRUE,0.161
281,L17,000004-1271,mApoB,VIC,NFQ-MGB,27.62,27.766,FALSE,0.055
282,L18,000004-1271,Assay2,FAM,NFQ-MGB,Undetermined,37.934,TRUE,0.161
282,L18,000004-1271,mApoB,VIC,NFQ-MGB,27.524,27.766,FALSE,0.055
283,L19,000004-1272,Assay2,FAM,NFQ-MGB,27.618,27.544,TRUE,0.161
283,L19,000004-1272,mApoB,VIC,NFQ-MGB,26.676,26.519,FALSE,0.055
284,L20,000004-1272,Assay2,FAM,NFQ-MGB,27.269,27.544,TRUE,0.161
284,L20,000004-1272,mApoB,VIC,NFQ-MGB,26.219,26.519,FALSE,0.055
285,L21,PTC-4-1212,Assay2,FAM,NFQ-MGB,28.888,29.377,TRUE,0.161
285,L21,PTC-4-1212,mApoB,VIC,NFQ-MGB,27.968,28.538,FALSE,0.055
286,L22,PTC-4-1212,Assay2,FAM,NFQ-MGB,28.771,29.377,TRUE,0.161
286,L22,PTC-4-1212,mApoB,VIC,NFQ-MGB,27.915,28.538,FALSE,0.055
287,L23,PTC-4-1214,Assay2,FAM,NFQ-MGB,29.978,29.377,TRUE,0.161
287,L23,PTC-4-1214,mApoB,VIC,NFQ-MGB,29.13,28.538,FALSE,0.055
288,L24,PTC-4-1214,Assay2,FAM,NFQ-MGB,29.753,29.377,TRUE,0.161
288,L24,PTC-4-1214,mApoB,VIC,NFQ-MGB,29.278,28.538,FALSE,0.055
289,M1,000001-1201,Assay3,FAM,NFQ-MGB,23.826,23.58,TRUE,0.062
289,M1,000001-1201,mApoB,VIC,NFQ-MGB,27.499,27.305,FALSE,0.055
290,M2,000001-1201,Assay3,FAM,NFQ-MGB,23.379,23.58,TRUE,0.062
290,M2,000001-1201,mApoB,VIC,NFQ-MGB,27.121,27.305,FALSE,0.055
291,M3,000001-1202,Assay3,FAM,NFQ-MGB,22.028,21.59,TRUE,0.062
291,M3,000001-1202,mApoB,VIC,NFQ-MGB,26.643,26.219,FALSE,0.055
292,M4,000001-1202,Assay3,FAM,NFQ-MGB,21.193,21.59,TRUE,0.062
292,M4,000001-1202,mApoB,VIC,NFQ-MGB,25.89,26.219,FALSE,0.055
293,M5,000001-1203,Assay3,FAM,NFQ-MGB,22.126,21.72,TRUE,0.062
293,M5,000001-1203,mApoB,VIC,NFQ-MGB,25.799,25.37,FALSE,0.055
294,M6,000001-1203,Assay3,FAM,NFQ-MGB,21.501,21.72,TRUE,0.062
294,M6,000001-1203,mApoB,VIC,NFQ-MGB,25.187,25.37,FALSE,0.055
295,M7,000001-1204,Assay3,FAM,NFQ-MGB,22.408,21.406,TRUE,0.062
295,M7,000001-1204,mApoB,VIC,NFQ-MGB,26.113,25.065,FALSE,0.055
296,M8,000001-1204,Assay3,FAM,NFQ-MGB,20.888,21.406,TRUE,0.062
296,M8,000001-1204,mApoB,VIC,NFQ-MGB,24.532,25.065,FALSE,0.055
297,M9,000001-1205,Assay3,FAM,NFQ-MGB,Undetermined,37.2,TRUE,0.062
297,M9,000001-1205,mApoB,VIC,NFQ-MGB,27.295,26.506,FALSE,0.055
298,M10,000001-1205,Assay3,FAM,NFQ-MGB,35.612,37.2,TRUE,0.062
298,M10,000001-1205,mApoB,VIC,NFQ-MGB,26.018,26.506,FALSE,0.055
299,M11,000001-1206,Assay3,FAM,NFQ-MGB,Undetermined,37.413,TRUE,0.062
299,M11,000001-1206,mApoB,VIC,NFQ-MGB,26.556,25.941,FALSE,0.055
300,M12,000001-1206,Assay3,FAM,NFQ-MGB,Undetermined,37.413,TRUE,0.062
300,M12,000001-1206,mApoB,VIC,NFQ-MGB,25.709,25.941,FALSE,0.055
301,M13,000001-1207,Assay3,FAM,NFQ-MGB,23.328,22.677,TRUE,0.062
301,M13,000001-1207,mApoB,VIC,NFQ-MGB,27.015,26.303,FALSE,0.055
302,M14,000001-1207,Assay3,FAM,NFQ-MGB,22.604,22.677,TRUE,0.062
302,M14,000001-1207,mApoB,VIC,NFQ-MGB,26.147,26.303,FALSE,0.055
303,M15,000001-1208,Assay3,FAM,NFQ-MGB,22.501,22.093,TRUE,0.062
303,M15,000001-1208,mApoB,VIC,NFQ-MGB,27.156,26.744,FALSE,0.055
304,M16,000001-1208,Assay3,FAM,NFQ-MGB,21.825,22.093,TRUE,0.062
304,M16,000001-1208,mApoB,VIC,NFQ-MGB,26.443,26.744,FALSE,0.055
305,M17,000001-1209,Assay3,FAM,NFQ-MGB,22.899,22.617,TRUE,0.062
305,M17,000001-1209,mApoB,VIC,NFQ-MGB,26.58,26.262,FALSE,0.055
306,M18,000001-1209,Assay3,FAM,NFQ-MGB,22.501,22.617,TRUE,0.062
306,M18,000001-1209,mApoB,VIC,NFQ-MGB,26.146,26.262,FALSE,0.055
309,M21,PTC-5-929,Assay3,FAM,NFQ-MGB,24.064,23.457,TRUE,0.062
309,M21,PTC-5-929,mApoB,VIC,NFQ-MGB,27.625,27.039,FALSE,0.055
310,M22,PTC-5-929,Assay3,FAM,NFQ-MGB,24.159,23.457,TRUE,0.062
310,M22,PTC-5-929,mApoB,VIC,NFQ-MGB,27.614,27.039,FALSE,0.055
311,M23,PTC-5-932,Assay3,FAM,NFQ-MGB,22.858,23.457,TRUE,0.062
311,M23,PTC-5-932,mApoB,VIC,NFQ-MGB,26.445,27.039,FALSE,0.055
312,M24,PTC-5-932,Assay3,FAM,NFQ-MGB,22.853,23.457,TRUE,0.062
312,M24,PTC-5-932,mApoB,VIC,NFQ-MGB,26.428,27.039,FALSE,0.055
313,N1,000001-1201,Assay3,FAM,NFQ-MGB,23.698,23.58,TRUE,0.062
313,N1,000001-1201,mApoB,VIC,NFQ-MGB,27.443,27.305,FALSE,0.055
314,N2,000001-1201,Assay3,FAM,NFQ-MGB,23.416,23.58,TRUE,0.062
314,N2,000001-1201,mApoB,VIC,NFQ-MGB,27.157,27.305,FALSE,0.055
315,N3,000001-1202,Assay3,FAM,NFQ-MGB,21.67,21.59,TRUE,0.062
315,N3,000001-1202,mApoB,VIC,NFQ-MGB,26.325,26.219,FALSE,0.055
316,N4,000001-1202,Assay3,FAM,NFQ-MGB,21.47,21.59,TRUE,0.062
316,N4,000001-1202,mApoB,VIC,NFQ-MGB,26.019,26.219,FALSE,0.055
317,N5,000001-1203,Assay3,FAM,NFQ-MGB,21.792,21.72,TRUE,0.062
317,N5,000001-1203,mApoB,VIC,NFQ-MGB,25.413,25.37,FALSE,0.055
318,N6,000001-1203,Assay3,FAM,NFQ-MGB,21.461,21.72,TRUE,0.062
318,N6,000001-1203,mApoB,VIC,NFQ-MGB,25.081,25.37,FALSE,0.055
319,N7,000001-1204,Assay3,FAM,NFQ-MGB,21.497,21.406,TRUE,0.062
319,N7,000001-1204,mApoB,VIC,NFQ-MGB,25.097,25.065,FALSE,0.055
320,N8,000001-1204,Assay3,FAM,NFQ-MGB,20.831,21.406,TRUE,0.062
320,N8,000001-1204,mApoB,VIC,NFQ-MGB,24.52,25.065,FALSE,0.055
321,N9,000001-1205,Assay3,FAM,NFQ-MGB,37.082,37.2,TRUE,0.062
321,N9,000001-1205,mApoB,VIC,NFQ-MGB,26.42,26.506,FALSE,0.055
322,N10,000001-1205,Assay3,FAM,NFQ-MGB,38.907,37.2,TRUE,0.062
322,N10,000001-1205,mApoB,VIC,NFQ-MGB,26.29,26.506,FALSE,0.055
323,N11,000001-1206,Assay3,FAM,NFQ-MGB,Undetermined,37.413,TRUE,0.062
323,N11,000001-1206,mApoB,VIC,NFQ-MGB,25.984,25.941,FALSE,0.055
324,N12,000001-1206,Assay3,FAM,NFQ-MGB,37.413,37.413,TRUE,0.062
324,N12,000001-1206,mApoB,VIC,NFQ-MGB,25.518,25.941,FALSE,0.055
325,N13,000001-1207,Assay3,FAM,NFQ-MGB,22.307,22.677,TRUE,0.062
325,N13,000001-1207,mApoB,VIC,NFQ-MGB,25.976,26.303,FALSE,0.055
326,N14,000001-1207,Assay3,FAM,NFQ-MGB,22.468,22.677,TRUE,0.062
326,N14,000001-1207,mApoB,VIC,NFQ-MGB,26.075,26.303,FALSE,0.055
327,N15,000001-1208,Assay3,FAM,NFQ-MGB,22.098,22.093,TRUE,0.062
327,N15,000001-1208,mApoB,VIC,NFQ-MGB,26.747,26.744,FALSE,0.055
328,N16,000001-1208,Assay3,FAM,NFQ-MGB,21.949,22.093,TRUE,0.062
328,N16,000001-1208,mApoB,VIC,NFQ-MGB,26.631,26.744,FALSE,0.055
329,N17,000001-1209,Assay3,FAM,NFQ-MGB,22.682,22.617,TRUE,0.062
329,N17,000001-1209,mApoB,VIC,NFQ-MGB,26.317,26.262,FALSE,0.055
330,N18,000001-1209,Assay3,FAM,NFQ-MGB,22.387,22.617,TRUE,0.062
330,N18,000001-1209,mApoB,VIC,NFQ-MGB,26.006,26.262,FALSE,0.055
333,N21,PTC-5-929,Assay3,FAM,NFQ-MGB,24.085,23.457,TRUE,0.062
333,N21,PTC-5-929,mApoB,VIC,NFQ-MGB,27.643,27.039,FALSE,0.055
334,N22,PTC-5-929,Assay3,FAM,NFQ-MGB,23.997,23.457,TRUE,0.062
334,N22,PTC-5-929,mApoB,VIC,NFQ-MGB,27.575,27.039,FALSE,0.055
335,N23,PTC-5-932,Assay3,FAM,NFQ-MGB,22.777,23.457,TRUE,0.062
335,N23,PTC-5-932,mApoB,VIC,NFQ-MGB,26.495,27.039,FALSE,0.055
336,N24,PTC-5-932,Assay3,FAM,NFQ-MGB,22.862,23.457,TRUE,0.062
336,N24,PTC-5-932,mApoB,VIC,NFQ-MGB,26.486,27.039,FALSE,0.055
337,O1,000001-J1M,Assay5,FAM,NFQ-MGB,29.605,29.378,FALSE,0.149
337,O1,000001-J1M,rApoB,VIC,NFQ-MGB,24.465,24.156,FALSE,0.032
338,O2,000001-J1M,Assay5,FAM,NFQ-MGB,29.223,29.378,FALSE,0.149
338,O2,000001-J1M,rApoB,VIC,NFQ-MGB,23.971,24.156,FALSE,0.032
339,O3,000001-J2M,Assay5,FAM,NFQ-MGB,22.52,22.152,FALSE,0.149
339,O3,000001-J2M,rApoB,VIC,NFQ-MGB,23.494,23.034,FALSE,0.032
340,O4,000001-J2M,Assay5,FAM,NFQ-MGB,21.877,22.152,FALSE,0.149
340,O4,000001-J2M,rApoB,VIC,NFQ-MGB,22.808,23.034,FALSE,0.032
341,O5,000001-J3M,Assay5,FAM,NFQ-MGB,34.311,33.577,FALSE,0.149
341,O5,000001-J3M,rApoB,VIC,NFQ-MGB,23.86,22.773,FALSE,0.032
342,O6,000001-J3M,Assay5,FAM,NFQ-MGB,33.502,33.577,FALSE,0.149
342,O6,000001-J3M,rApoB,VIC,NFQ-MGB,21.941,22.773,FALSE,0.032
343,O7,000001-J4M,Assay5,FAM,NFQ-MGB,22.534,21.725,FALSE,0.149
343,O7,000001-J4M,rApoB,VIC,NFQ-MGB,23.359,22.588,FALSE,0.032
344,O8,000001-J4M,Assay5,FAM,NFQ-MGB,21.229,21.725,FALSE,0.149
344,O8,000001-J4M,rApoB,VIC,NFQ-MGB,22.157,22.588,FALSE,0.032
345,O9,000001-J1F,Assay5,FAM,NFQ-MGB,23.4,22.868,FALSE,0.149
345,O9,000001-J1F,rApoB,VIC,NFQ-MGB,24.232,23.768,FALSE,0.032
346,O10,000001-J1F,Assay5,FAM,NFQ-MGB,22.595,22.868,FALSE,0.149
346,O10,000001-J1F,rApoB,VIC,NFQ-MGB,23.567,23.768,FALSE,0.032
347,O11,000001-J2F,Assay5,FAM,NFQ-MGB,20.974,19.552,FALSE,0.149
347,O11,000001-J2F,rApoB,VIC,NFQ-MGB,22.591,21.174,FALSE,0.032
348,O12,000001-J2F,Assay5,FAM,NFQ-MGB,18.782,19.552,FALSE,0.149
348,O12,000001-J2F,rApoB,VIC,NFQ-MGB,20.254,21.174,FALSE,0.032
349,O13,000001-J3F,Assay5,FAM,NFQ-MGB,22.566,21.518,FALSE,0.149
349,O13,000001-J3F,rApoB,VIC,NFQ-MGB,23.557,22.477,FALSE,0.032
350,O14,000001-J3F,Assay5,FAM,NFQ-MGB,20.993,21.518,FALSE,0.149
350,O14,000001-J3F,rApoB,VIC,NFQ-MGB,21.873,22.477,FALSE,0.032
351,O15,000001-J4F,Assay5,FAM,NFQ-MGB,21.207,20.275,FALSE,0.149
351,O15,000001-J4F,rApoB,VIC,NFQ-MGB,22.975,22.049,FALSE,0.032
352,O16,000001-J4F,Assay5,FAM,NFQ-MGB,19.636,20.275,FALSE,0.149
352,O16,000001-J4F,rApoB,VIC,NFQ-MGB,21.358,22.049,FALSE,0.032
357,O21,PTC-6-316,Assay5,FAM,NFQ-MGB,23.474,23.43,FALSE,0.149
357,O21,PTC-6-316,rApoB,VIC,NFQ-MGB,24.592,24.564,FALSE,0.032
358,O22,PTC-6-316,Assay5,FAM,NFQ-MGB,23.31,23.43,FALSE,0.149
358,O22,PTC-6-316,rApoB,VIC,NFQ-MGB,24.391,24.564,FALSE,0.032
359,O23,PTC-6-317,Assay5,FAM,NFQ-MGB,23.427,23.43,FALSE,0.149
359,O23,PTC-6-317,rApoB,VIC,NFQ-MGB,24.574,24.564,FALSE,0.032
360,O24,PTC-6-317,Assay5,FAM,NFQ-MGB,23.496,23.43,FALSE,0.149
360,O24,PTC-6-317,rApoB,VIC,NFQ-MGB,24.577,24.564,FALSE,0.032
361,P1,000001-J1M,Assay5,FAM,NFQ-MGB,29.703,29.378,FALSE,0.149
361,P1,000001-J1M,rApoB,VIC,NFQ-MGB,24.296,24.156,FALSE,0.032
362,P2,000001-J1M,Assay5,FAM,NFQ-MGB,28.983,29.378,FALSE,0.149
362,P2,000001-J1M,rApoB,VIC,NFQ-MGB,23.892,24.156,FALSE,0.032
363,P3,000001-J2M,Assay5,FAM,NFQ-MGB,22.405,22.152,FALSE,0.149
363,P3,000001-J2M,rApoB,VIC,NFQ-MGB,23.087,23.034,FALSE,0.032
364,P4,000001-J2M,Assay5,FAM,NFQ-MGB,21.806,22.152,FALSE,0.149
364,P4,000001-J2M,rApoB,VIC,NFQ-MGB,22.747,23.034,FALSE,0.032
365,P5,000001-J3M,Assay5,FAM,NFQ-MGB,33.612,33.577,FALSE,0.149
365,P5,000001-J3M,rApoB,VIC,NFQ-MGB,23.055,22.773,FALSE,0.032
366,P6,000001-J3M,Assay5,FAM,NFQ-MGB,32.883,33.577,FALSE,0.149
366,P6,000001-J3M,rApoB,VIC,NFQ-MGB,22.236,22.773,FALSE,0.032
367,P7,000001-J4M,Assay5,FAM,NFQ-MGB,21.77,21.725,FALSE,0.149
367,P7,000001-J4M,rApoB,VIC,NFQ-MGB,22.635,22.588,FALSE,0.032
368,P8,000001-J4M,Assay5,FAM,NFQ-MGB,21.368,21.725,FALSE,0.149
368,P8,000001-J4M,rApoB,VIC,NFQ-MGB,22.202,22.588,FALSE,0.032
369,P9,000001-J1F,Assay5,FAM,NFQ-MGB,22.836,22.868,FALSE,0.149
369,P9,000001-J1F,rApoB,VIC,NFQ-MGB,23.729,23.768,FALSE,0.032
370,P10,000001-J1F,Assay5,FAM,NFQ-MGB,22.642,22.868,FALSE,0.149
370,P10,000001-J1F,rApoB,VIC,NFQ-MGB,23.546,23.768,FALSE,0.032
371,P11,000001-J2F,Assay5,FAM,NFQ-MGB,19.569,19.552,FALSE,0.149
371,P11,000001-J2F,rApoB,VIC,NFQ-MGB,21.377,21.174,FALSE,0.032
372,P12,000001-J2F,Assay5,FAM,NFQ-MGB,18.885,19.552,FALSE,0.149
372,P12,000001-J2F,rApoB,VIC,NFQ-MGB,20.474,21.174,FALSE,0.032
373,P13,000001-J3F,Assay5,FAM,NFQ-MGB,21.547,21.518,FALSE,0.149
373,P13,000001-J3F,rApoB,VIC,NFQ-MGB,22.564,22.477,FALSE,0.032
374,P14,000001-J3F,Assay5,FAM,NFQ-MGB,20.966,21.518,FALSE,0.149
374,P14,000001-J3F,rApoB,VIC,NFQ-MGB,21.915,22.477,FALSE,0.032
375,P15,000001-J4F,Assay5,FAM,NFQ-MGB,20.359,20.275,FALSE,0.149
375,P15,000001-J4F,rApoB,VIC,NFQ-MGB,22.205,22.049,FALSE,0.032
376,P16,000001-J4F,Assay5,FAM,NFQ-MGB,19.9,20.275,FALSE,0.149
376,P16,000001-J4F,rApoB,VIC,NFQ-MGB,21.658,22.049,FALSE,0.032
381,P21,PTC-6-316,Assay5,FAM,NFQ-MGB,23.469,23.43,FALSE,0.149
381,P21,PTC-6-316,rApoB,VIC,NFQ-MGB,24.571,24.564,FALSE,0.032
382,P22,PTC-6-316,Assay5,FAM,NFQ-MGB,23.531,23.43,FALSE,0.149
382,P22,PTC-6-316,rApoB,VIC,NFQ-MGB,24.584,24.564,FALSE,0.032
383,P23,PTC-6-317,Assay5,FAM,NFQ-MGB,23.306,23.43,FALSE,0.149
383,P23,PTC-6-317,rApoB,VIC,NFQ-MGB,24.631,24.564,FALSE,0.032
384,P24,PTC-6-317,Assay5,FAM,NFQ-MGB,23.427,23.43,FALSE,0.149
384,P24,PTC-6-317,rApoB,VIC,NFQ-MGB,24.595,24.564,FALSE,0.032
